<?xml version="1.0" encoding="UTF-8"?>
<con:soapui-project activeEnvironment="Default" name="OSBTutorialMockServices" resourceRoot="" soapui-version="4.6.0" abortOnError="false" runType="SEQUENTIAL" xmlns:con="http://eviware.com/soapui/config"><con:settings/><con:interface xsi:type="con:WsdlInterface" wsaVersion="NONE" name="addrval_binding" type="wsdl" bindingName="{urn:xyzbank:cust:wsdl:address:validation}addrval_binding" soapVersion="1_1" anonymous="optional" definition="file:/D:/Technical/BlogProjects/workspace/XYZCommon/AddrValidationService.wsdl" xmlns:xsi="http://www.w3.org/2001/XMLSchema-instance"><con:settings/><con:definitionCache type="TEXT" rootPart="file:/D:/Technical/BlogProjects/workspace/XYZCommon/AddrValidationService.wsdl"><con:part><con:url>file:/D:/Technical/BlogProjects/workspace/XYZCommon/AddrValidationService.wsdl</con:url><con:content><![CDATA[<wsdl:definitions name="AddressValidationService" targetNamespace="urn:xyzbank:cust:wsdl:address:validation" xmlns:wsdl="http://schemas.xmlsoap.org/wsdl/" xmlns:n2="urn:xyzbank:cust:schema:address" xmlns:n3="urn:xyzbank:cust:wsdl:address:validation" xmlns:n4="http://schemas.xmlsoap.org/wsdl/soap/">
  <wsdl:types>
    <xsd:schema targetNamespace="urn:xyzbank:cust:schema:address" xmlns:xsd="http://www.w3.org/2001/XMLSchema" xmlns:tns="urn:xyzbank:cust:schema:address">
      <xsd:complexType name="input_msg">
        <xsd:sequence>
          <xsd:element name="address_line" type="xsd:string"/>
          <xsd:element name="state" type="xsd:string"/>
          <xsd:element name="country" type="xsd:string"/>
          <xsd:element name="zip_code" type="xsd:string"/>
        </xsd:sequence>
      </xsd:complexType>
      <xsd:complexType name="output_msg">
        <xsd:sequence>
          <xsd:element name="status" type="xsd:string"/>
          <xsd:element name="error_msg" type="xsd:string" minOccurs="0"/>
        </xsd:sequence>
      </xsd:complexType>
      <xsd:element name="addrval_input" type="tns:input_msg"/>
      <xsd:element name="addrval_output" type="tns:output_msg"/>
    </xsd:schema>
  </wsdl:types>
  <wsdl:message name="addrval_request">
    <wsdl:part name="payload" element="n2:addrval_input"/>
  </wsdl:message>
  <wsdl:message name="addrval_response">
    <wsdl:part name="payload" element="n2:addrval_output"/>
  </wsdl:message>
  <wsdl:portType name="addrval_port">
    <wsdl:operation name="validate_address">
      <wsdl:input message="n3:addrval_request"/>
      <wsdl:output message="n3:addrval_response"/>
    </wsdl:operation>
  </wsdl:portType>
  <wsdl:binding name="addrval_binding" type="n3:addrval_port">
    <n4:binding style="document" transport="http://schemas.xmlsoap.org/soap/http"/>
    <wsdl:operation name="validate_address">
      <n4:operation soapAction="ValidateAddress" style="document"/>
      <wsdl:input>
        <n4:body use="literal"/>
      </wsdl:input>
      <wsdl:output>
        <n4:body use="literal"/>
      </wsdl:output>
    </wsdl:operation>
  </wsdl:binding>
</wsdl:definitions>]]></con:content><con:type>http://schemas.xmlsoap.org/wsdl/</con:type></con:part></con:definitionCache><con:endpoints><con:endpoint>http://SVGONUGU-LAP:8088/AddrValidation</con:endpoint></con:endpoints><con:operation isOneWay="false" action="ValidateAddress" name="validate_address" bindingOperationName="validate_address" type="Request-Response" inputName="" receivesAttachments="false" sendsAttachments="false" anonymous="optional"><con:settings/><con:call name="Request 1"><con:settings/><con:encoding>UTF-8</con:encoding><con:endpoint>http://SVGONUGU-LAP:8088/AddrValidation</con:endpoint><con:request><![CDATA[<soapenv:Envelope xmlns:soapenv="http://schemas.xmlsoap.org/soap/envelope/" xmlns:urn="urn:xyzbank:cust:schema:address">
   <soapenv:Header/>
   <soapenv:Body>
      <urn:addrval_input>
         <address_line>?</address_line>
         <state>?</state>
         <country>?</country>
         <zip_code>?</zip_code>
      </urn:addrval_input>
   </soapenv:Body>
</soapenv:Envelope>]]></con:request><con:credentials><con:authType>Global HTTP Settings</con:authType></con:credentials><con:jmsConfig JMSDeliveryMode="PERSISTENT"/><con:jmsPropertyConfig/><con:wsaConfig mustUnderstand="NONE" version="200508" action="ValidateAddress"/><con:wsrmConfig version="1.2"/></con:call></con:operation></con:interface><con:interface xsi:type="con:WsdlInterface" wsaVersion="NONE" name="userid_binding" type="wsdl" bindingName="{urn:xyzbank:cust:wsdl:userid}userid_binding" soapVersion="1_1" anonymous="optional" definition="file:/D:/Technical/BlogProjects/workspace/XYZCommon/CreateUserIDService.wsdl" xmlns:xsi="http://www.w3.org/2001/XMLSchema-instance"><con:settings/><con:definitionCache type="TEXT" rootPart="file:/D:/Technical/BlogProjects/workspace/XYZCommon/CreateUserIDService.wsdl"><con:part><con:url>file:/D:/Technical/BlogProjects/workspace/XYZCommon/CreateUserIDService.wsdl</con:url><con:content><![CDATA[<wsdl:definitions name="CreateUserIDService" targetNamespace="urn:xyzbank:cust:wsdl:userid" xmlns:wsdl="http://schemas.xmlsoap.org/wsdl/" xmlns:n2="urn:xyzbank:cust:schema:userid" xmlns:n3="urn:xyzbank:cust:wsdl:userid" xmlns:n4="http://schemas.xmlsoap.org/wsdl/soap/">
  <wsdl:types>
    <xsd:schema targetNamespace="urn:xyzbank:cust:schema:userid" xmlns:xsd="http://www.w3.org/2001/XMLSchema" xmlns:tns="urn:xyzbank:cust:schema:userid">
      <xsd:complexType name="input_msg">
        <xsd:sequence>
          <xsd:element name="system" type="xsd:string"/>
        </xsd:sequence>
      </xsd:complexType>
      <xsd:complexType name="output_msg">
        <xsd:sequence>
          <xsd:element name="unique_user_id" type="xsd:string"/>
          <xsd:element name="status" type="xsd:string" minOccurs="0"/>
          <xsd:element name="error_msg" type="xsd:string" minOccurs="0"/>
        </xsd:sequence>
      </xsd:complexType>
      <xsd:element name="user_input" type="tns:input_msg"/>
      <xsd:element name="user_output" type="tns:output_msg"/>
    </xsd:schema>
  </wsdl:types>
  <wsdl:message name="userid_request">
    <wsdl:part name="payload" element="n2:user_input"/>
  </wsdl:message>
  <wsdl:message name="userid_response">
    <wsdl:part name="payload" element="n2:user_output"/>
  </wsdl:message>
  <wsdl:portType name="userid_port">
    <wsdl:operation name="create_uniqueid">
      <wsdl:input message="n3:userid_request"/>
      <wsdl:output message="n3:userid_response"/>
    </wsdl:operation>
  </wsdl:portType>
  <wsdl:binding name="userid_binding" type="n3:userid_port">
    <n4:binding style="document" transport="http://schemas.xmlsoap.org/soap/http"/>
    <wsdl:operation name="create_uniqueid">
      <n4:operation soapAction="CreateUniqueId" style="document"/>
      <wsdl:input>
        <n4:body use="literal"/>
      </wsdl:input>
      <wsdl:output>
        <n4:body use="literal"/>
      </wsdl:output>
    </wsdl:operation>
  </wsdl:binding>
</wsdl:definitions>]]></con:content><con:type>http://schemas.xmlsoap.org/wsdl/</con:type></con:part></con:definitionCache><con:endpoints><con:endpoint>http://SVGONUGU-LAP:8088/CreateUserID</con:endpoint></con:endpoints><con:operation isOneWay="false" action="CreateUniqueId" name="create_uniqueid" bindingOperationName="create_uniqueid" type="Request-Response" inputName="" receivesAttachments="false" sendsAttachments="false" anonymous="optional"><con:settings/><con:call name="Request 1"><con:settings/><con:encoding>UTF-8</con:encoding><con:endpoint>http://SVGONUGU-LAP:8088/CreateUserID</con:endpoint><con:request><![CDATA[<soapenv:Envelope xmlns:soapenv="http://schemas.xmlsoap.org/soap/envelope/" xmlns:urn="urn:xyzbank:cust:schema:userid">
   <soapenv:Header/>
   <soapenv:Body>
      <urn:user_input>
         <system>?</system>
      </urn:user_input>
   </soapenv:Body>
</soapenv:Envelope>]]></con:request><con:credentials><con:authType>Global HTTP Settings</con:authType></con:credentials><con:jmsConfig JMSDeliveryMode="PERSISTENT"/><con:jmsPropertyConfig/><con:wsaConfig mustUnderstand="NONE" version="200508" action="CreateUniqueId"/><con:wsrmConfig version="1.2"/></con:call></con:operation></con:interface><con:interface xsi:type="con:WsdlInterface" wsaVersion="NONE" name="customer_service_binding" type="wsdl" bindingName="{urn:xyzbank:cust:wsdl:customer}customer_service_binding" soapVersion="1_1" anonymous="optional" definition="file:/D:/Technical/BlogProjects/workspace/XYZCommon/CustomerService.wsdl" xmlns:xsi="http://www.w3.org/2001/XMLSchema-instance"><con:settings/><con:definitionCache type="TEXT" rootPart="file:/D:/Technical/BlogProjects/workspace/XYZCommon/CustomerService.wsdl"><con:part><con:url>file:/D:/Technical/BlogProjects/workspace/XYZCommon/CustomerService.wsdl</con:url><con:content><![CDATA[<wsdl:definitions name="CustomerEntityService" targetNamespace="urn:xyzbank:cust:wsdl:customer" xmlns:wsdl="http://schemas.xmlsoap.org/wsdl/" xmlns:n2="urn:xyzbank:cust:schema:customer" xmlns:n3="urn:xyzbank:cust:wsdl:customer" xmlns:n4="http://schemas.xmlsoap.org/wsdl/soap/">
  <wsdl:types>
    <xsd:schema targetNamespace="urn:xyzbank:cust:schema:customer" xmlns:xsd="http://www.w3.org/2001/XMLSchema" xmlns:tns="urn:xyzbank:cust:schema:customer">
      <xsd:complexType name="customer_input">
        <xsd:sequence>
          <xsd:element name="customer_id" type="xsd:string" minOccurs="0"/>
          <xsd:element name="full_name" type="xsd:string"/>
          <xsd:element name="customer_type" type="xsd:string"/>
          <xsd:element name="date_of_birth" type="xsd:date"/>
          <xsd:element name="email" type="xsd:string"/>
          <xsd:element name="phone" type="xsd:string"/>
          <xsd:element name="addr_line1" type="xsd:string"/>
          <xsd:element name="addr_line2" type="xsd:string" minOccurs="0"/>
          <xsd:element name="addr_line3" type="xsd:string" minOccurs="0"/>
        </xsd:sequence>
      </xsd:complexType>
      <xsd:complexType name="migrated_customer_input">
        <xsd:sequence>
          <xsd:element name="customer_info" type="tns:customer_input"/>
          <xsd:element name="customer_account_info" type="tns:customer_account" minOccurs="0"/>
          <xsd:element name="customer_order_info" type="tns:customer_order" minOccurs="0" maxOccurs="unbounded"/>
        </xsd:sequence>
      </xsd:complexType>
      <xsd:complexType name="customer_account">
        <xsd:sequence>
          <xsd:element name="account_id" type="xsd:long"/>
          <xsd:element name="account_type" type="xsd:string" minOccurs="0" maxOccurs="1"/>
          <xsd:element name="account_name" type="xsd:string" minOccurs="0" maxOccurs="1"/>
          <xsd:element name="description" type="xsd:string" minOccurs="0" maxOccurs="1"/>
          <xsd:element name="investor_type" type="xsd:string" minOccurs="0" maxOccurs="1"/>
          <xsd:element name="start_date" type="xsd:date" minOccurs="0" maxOccurs="1"/>
          <xsd:element name="brokerage_code" type="xsd:string" minOccurs="0" maxOccurs="1"/>
          <xsd:element name="rebate_code" type="xsd:string" minOccurs="0" maxOccurs="1"/>
          <xsd:element name="trading_limit" type="xsd:double" minOccurs="0" maxOccurs="1"/>
          <xsd:element name="credit_limit" type="xsd:double" minOccurs="0" maxOccurs="1"/>
          <xsd:element name="account_status" type="xsd:string" minOccurs="0" maxOccurs="1"/>
          <xsd:element name="registration_details" type="tns:account_registration_details" minOccurs="0"/>
        </xsd:sequence>
      </xsd:complexType>
      <xsd:complexType name="account_registration_details">
        <xsd:sequence>
          <xsd:element name="market_id" type="xsd:string" minOccurs="0" maxOccurs="1"/>
          <xsd:element name="instrument_code" type="xsd:string" minOccurs="0" maxOccurs="1"/>
          <xsd:element name="description" type="xsd:string" minOccurs="0" maxOccurs="1"/>
          <xsd:element name="registration_details1" type="xsd:string" minOccurs="0" maxOccurs="1"/>
          <xsd:element name="postal_code" type="xsd:string" minOccurs="0" maxOccurs="1"/>
          <xsd:element name="country_code" type="xsd:string" minOccurs="0" maxOccurs="1"/>
        </xsd:sequence>
      </xsd:complexType>
      <xsd:complexType name="customer_order">
        <xsd:sequence>
          <xsd:element name="account_id" type="xsd:string" minOccurs="1" maxOccurs="1"/>
          <xsd:element name="instrument_code" type="xsd:string" minOccurs="1" maxOccurs="1"/>
          <xsd:element name="order_action" type="xsd:double" minOccurs="1" maxOccurs="1"/>
          <xsd:element name="price" type="xsd:double" minOccurs="1" maxOccurs="1"/>
          <xsd:element name="currency_code" type="xsd:string" minOccurs="1" maxOccurs="1"/>
          <xsd:element name="quantity" type="xsd:double" minOccurs="0" maxOccurs="1"/>
          <xsd:element name="date_created" type="xsd:date" minOccurs="1" maxOccurs="1"/>
          <xsd:element name="brokerage_amount" type="xsd:double" minOccurs="0" maxOccurs="1"/>
          <xsd:element name="brokerage_code" type="xsd:string" minOccurs="0" maxOccurs="1"/>
          <xsd:element name="brokerage_perc" type="xsd:double" minOccurs="0" maxOccurs="1"/>
        </xsd:sequence>
      </xsd:complexType>
      <xsd:complexType name="customerid_input">
        <xsd:sequence>
          <xsd:element name="customer_id" type="xsd:string"/>
        </xsd:sequence>
      </xsd:complexType>
      <xsd:complexType name="customerid_output">
        <xsd:sequence>
          <xsd:element name="CustomerExists" type="xsd:string"/>
        </xsd:sequence>
      </xsd:complexType>
      <xsd:complexType name="response_msg">
        <xsd:sequence>
          <xsd:element name="customer_id" type="xsd:string" minOccurs="0"/>
          <xsd:element name="status" type="xsd:string" minOccurs="0"/>
          <xsd:element name="error_message" minOccurs="0" type="xsd:string"/>
        </xsd:sequence>
      </xsd:complexType>
      <xsd:complexType name="error_msg">
        <xsd:sequence>
          <xsd:element name="error_code" type="xsd:string"/>
          <xsd:element name="error_message" minOccurs="0" type="xsd:string"/>
        </xsd:sequence>
      </xsd:complexType>
      <xsd:element name="customer" type="tns:customer_input"/>
      <xsd:element name="migrated_customer" type="tns:migrated_customer_input"/>
      <xsd:element name="status_msg" type="tns:response_msg"/>
      <xsd:element name="fault_msg" type="tns:error_msg"/>
      <xsd:element name="customerid_input" type="tns:customerid_input"/>
      <xsd:element name="customerid_output" type="tns:customerid_output"/>
    </xsd:schema>
  </wsdl:types>
  <wsdl:message name="create_customer_req">
    <wsdl:part name="payload" element="n2:customer"/>
  </wsdl:message>
  <wsdl:message name="create_customer_resp">
    <wsdl:part name="payload" element="n2:status_msg"/>
  </wsdl:message>
  <wsdl:message name="update_customer_req">
    <wsdl:part name="payload" element="n2:customer"/>
  </wsdl:message>
  <wsdl:message name="update_customer_resp">
    <wsdl:part name="payload" element="n2:status_msg"/>
  </wsdl:message>
  <wsdl:message name="delete_customer_req">
    <wsdl:part name="payload" element="n2:customerid_input"/>
  </wsdl:message>
  <wsdl:message name="delete_customer_resp">
    <wsdl:part name="payload" element="n2:status_msg"/>
  </wsdl:message>
  <wsdl:message name="migrate_customer_req">
    <wsdl:part name="payload" element="n2:migrated_customer"/>
  </wsdl:message>
  <wsdl:message name="migrate_customer_resp">
    <wsdl:part name="payload" element="n2:status_msg"/>
  </wsdl:message>
  <wsdl:message name="find_customer_req">
    <wsdl:part name="payload" element="n2:customerid_input"/>
  </wsdl:message>
  <wsdl:message name="find_customer_resp">
    <wsdl:part name="payload" element="n2:customerid_output"/>
  </wsdl:message>
  <wsdl:message name="get_customer_req">
    <wsdl:part name="payload" element="n2:customerid_input"/>
  </wsdl:message>
  <wsdl:message name="get_customer_resp">
    <wsdl:part name="payload" element="n2:customer"/>
  </wsdl:message>
  <wsdl:message name="get_customer_fault">
    <wsdl:part name="payload" element="n2:fault_msg"/>
  </wsdl:message>
  <wsdl:portType name="customer_service_port">
    <wsdl:operation name="create_customer">
      <wsdl:input message="n3:create_customer_req"/>
      <wsdl:output message="n3:create_customer_resp"/>
    </wsdl:operation>
    <wsdl:operation name="update_customer">
      <wsdl:input message="n3:update_customer_req"/>
      <wsdl:output message="n3:update_customer_resp"/>
    </wsdl:operation>
    <wsdl:operation name="delete_customer">
      <wsdl:input message="n3:delete_customer_req"/>
      <wsdl:output message="n3:delete_customer_resp"/>
    </wsdl:operation>
    <wsdl:operation name="migrate_customer">
      <wsdl:input message="n3:migrate_customer_req"/>
      <wsdl:output message="n3:migrate_customer_resp"/>
    </wsdl:operation>
    <wsdl:operation name="find_customer">
      <wsdl:input message="n3:find_customer_req"/>
      <wsdl:output message="n3:find_customer_resp"/>
    </wsdl:operation>
    <wsdl:operation name="get_customer">
      <wsdl:input message="n3:get_customer_req"/>
      <wsdl:output message="n3:get_customer_resp"/>
      <wsdl:fault name="fault_msg" message="n3:get_customer_fault"/>
    </wsdl:operation>
  </wsdl:portType>
  <wsdl:binding name="customer_service_binding" type="n3:customer_service_port">
    <n4:binding style="document" transport="http://schemas.xmlsoap.org/soap/http"/>
    <wsdl:operation name="create_customer">
      <n4:operation soapAction="create_customer" style="document"/>
      <wsdl:input>
        <n4:body use="literal"/>
      </wsdl:input>
      <wsdl:output>
        <n4:body use="literal"/>
      </wsdl:output>
    </wsdl:operation>
    <wsdl:operation name="update_customer">
      <n4:operation soapAction="update_customer" style="document"/>
      <wsdl:input>
        <n4:body use="literal"/>
      </wsdl:input>
      <wsdl:output>
        <n4:body use="literal"/>
      </wsdl:output>
    </wsdl:operation>
    <wsdl:operation name="delete_customer">
      <n4:operation soapAction="delete_customer" style="document"/>
      <wsdl:input>
        <n4:body use="literal"/>
      </wsdl:input>
      <wsdl:output>
        <n4:body use="literal"/>
      </wsdl:output>
    </wsdl:operation>
    <wsdl:operation name="migrate_customer">
      <n4:operation soapAction="migrate_customer" style="document"/>
      <wsdl:input>
        <n4:body use="literal"/>
      </wsdl:input>
      <wsdl:output>
        <n4:body use="literal"/>
      </wsdl:output>
    </wsdl:operation>
    <wsdl:operation name="find_customer">
      <n4:operation soapAction="find_customer" style="document"/>
      <wsdl:input>
        <n4:body use="literal"/>
      </wsdl:input>
      <wsdl:output>
        <n4:body use="literal"/>
      </wsdl:output>
    </wsdl:operation>
    <wsdl:operation name="get_customer">
      <n4:operation soapAction="get_customer" style="document"/>
      <wsdl:input>
        <n4:body use="literal"/>
      </wsdl:input>
      <wsdl:output>
        <n4:body use="literal"/>
      </wsdl:output>
      <wsdl:fault name="fault_msg">
        <n4:fault name="fault_msg" use="literal"/>
      </wsdl:fault>
    </wsdl:operation>
  </wsdl:binding>
</wsdl:definitions>]]></con:content><con:type>http://schemas.xmlsoap.org/wsdl/</con:type></con:part></con:definitionCache><con:endpoints><con:endpoint>http://SVGONUGU-LAP:8088/CustomerService</con:endpoint></con:endpoints><con:operation isOneWay="false" action="create_customer" name="create_customer" bindingOperationName="create_customer" type="Request-Response" inputName="" receivesAttachments="false" sendsAttachments="false" anonymous="optional"><con:settings/><con:call name="Request 1"><con:settings/><con:encoding>UTF-8</con:encoding><con:endpoint>http://SVGONUGU-LAP:8088/CustomerService</con:endpoint><con:request><![CDATA[<soapenv:Envelope xmlns:soapenv="http://schemas.xmlsoap.org/soap/envelope/" xmlns:urn="urn:xyzbank:cust:schema:customer">
   <soapenv:Header/>
   <soapenv:Body>
      <urn:customer>
         <!--Optional:-->
         <customer_id>?</customer_id>
         <full_name>?</full_name>
         <customer_type>?</customer_type>
         <date_of_birth>?</date_of_birth>
         <email>?</email>
         <phone>?</phone>
         <addr_line1>?</addr_line1>
         <!--Optional:-->
         <addr_line2>?</addr_line2>
         <!--Optional:-->
         <addr_line3>?</addr_line3>
      </urn:customer>
   </soapenv:Body>
</soapenv:Envelope>]]></con:request><con:credentials><con:authType>Global HTTP Settings</con:authType></con:credentials><con:jmsConfig JMSDeliveryMode="PERSISTENT"/><con:jmsPropertyConfig/><con:wsaConfig mustUnderstand="NONE" version="200508" action="create_customer"/><con:wsrmConfig version="1.2"/></con:call></con:operation><con:operation isOneWay="false" action="delete_customer" name="delete_customer" bindingOperationName="delete_customer" type="Request-Response" inputName="" receivesAttachments="false" sendsAttachments="false" anonymous="optional"><con:settings/><con:call name="Request 1"><con:settings/><con:encoding>UTF-8</con:encoding><con:endpoint>http://SVGONUGU-LAP:8088/CustomerService</con:endpoint><con:request><![CDATA[<soapenv:Envelope xmlns:soapenv="http://schemas.xmlsoap.org/soap/envelope/" xmlns:urn="urn:xyzbank:cust:schema:customer">
   <soapenv:Header/>
   <soapenv:Body>
      <urn:customerid_input>
         <customer_id>?</customer_id>
      </urn:customerid_input>
   </soapenv:Body>
</soapenv:Envelope>]]></con:request><con:wsaConfig mustUnderstand="NONE" version="200508" action="delete_customer"/></con:call></con:operation><con:operation isOneWay="false" action="find_customer" name="find_customer" bindingOperationName="find_customer" type="Request-Response" inputName="" receivesAttachments="false" sendsAttachments="false" anonymous="optional"><con:settings/><con:call name="Request 1"><con:settings/><con:encoding>UTF-8</con:encoding><con:endpoint>http://SVGONUGU-LAP:8088/CustomerService</con:endpoint><con:request><![CDATA[<soapenv:Envelope xmlns:soapenv="http://schemas.xmlsoap.org/soap/envelope/" xmlns:urn="urn:xyzbank:cust:schema:customer">
   <soapenv:Header/>
   <soapenv:Body>
      <urn:customerid_input>
         <customer_id>?</customer_id>
      </urn:customerid_input>
   </soapenv:Body>
</soapenv:Envelope>]]></con:request><con:wsaConfig mustUnderstand="NONE" version="200508" action="find_customer"/></con:call></con:operation><con:operation isOneWay="false" action="get_customer" name="get_customer" bindingOperationName="get_customer" type="Request-Response" inputName="" receivesAttachments="false" sendsAttachments="false" anonymous="optional"><con:settings/><con:call name="Request 1"><con:settings/><con:encoding>UTF-8</con:encoding><con:endpoint>http://SVGONUGU-LAP:8088/CustomerService</con:endpoint><con:request><![CDATA[<soapenv:Envelope xmlns:soapenv="http://schemas.xmlsoap.org/soap/envelope/" xmlns:urn="urn:xyzbank:cust:schema:customer">
   <soapenv:Header/>
   <soapenv:Body>
      <urn:customerid_input>
         <customer_id>?</customer_id>
      </urn:customerid_input>
   </soapenv:Body>
</soapenv:Envelope>]]></con:request><con:wsaConfig mustUnderstand="NONE" version="200508" action="get_customer"/></con:call></con:operation><con:operation isOneWay="false" action="migrate_customer" name="migrate_customer" bindingOperationName="migrate_customer" type="Request-Response" inputName="" receivesAttachments="false" sendsAttachments="false" anonymous="optional"><con:settings/><con:call name="Request 1"><con:settings/><con:encoding>UTF-8</con:encoding><con:endpoint>http://SVGONUGU-LAP:8088/CustomerService</con:endpoint><con:request><![CDATA[<soapenv:Envelope xmlns:soapenv="http://schemas.xmlsoap.org/soap/envelope/" xmlns:urn="urn:xyzbank:cust:schema:customer">
   <soapenv:Header/>
   <soapenv:Body>
      <urn:migrated_customer>
         <customer_info>
            <!--Optional:-->
            <customer_id>?</customer_id>
            <full_name>?</full_name>
            <customer_type>?</customer_type>
            <date_of_birth>?</date_of_birth>
            <email>?</email>
            <phone>?</phone>
            <addr_line1>?</addr_line1>
            <!--Optional:-->
            <addr_line2>?</addr_line2>
            <!--Optional:-->
            <addr_line3>?</addr_line3>
         </customer_info>
         <!--Optional:-->
         <customer_account_info>
            <account_id>?</account_id>
            <!--Optional:-->
            <account_type>?</account_type>
            <!--Optional:-->
            <account_name>?</account_name>
            <!--Optional:-->
            <description>?</description>
            <!--Optional:-->
            <investor_type>?</investor_type>
            <!--Optional:-->
            <start_date>?</start_date>
            <!--Optional:-->
            <brokerage_code>?</brokerage_code>
            <!--Optional:-->
            <rebate_code>?</rebate_code>
            <!--Optional:-->
            <trading_limit>?</trading_limit>
            <!--Optional:-->
            <credit_limit>?</credit_limit>
            <!--Optional:-->
            <account_status>?</account_status>
            <!--Optional:-->
            <registration_details>
               <!--Optional:-->
               <market_id>?</market_id>
               <!--Optional:-->
               <instrument_code>?</instrument_code>
               <!--Optional:-->
               <description>?</description>
               <!--Optional:-->
               <registration_details1>?</registration_details1>
               <!--Optional:-->
               <postal_code>?</postal_code>
               <!--Optional:-->
               <country_code>?</country_code>
            </registration_details>
         </customer_account_info>
         <!--Zero or more repetitions:-->
         <customer_order_info>
            <account_id>?</account_id>
            <instrument_code>?</instrument_code>
            <order_action>?</order_action>
            <price>?</price>
            <currency_code>?</currency_code>
            <!--Optional:-->
            <quantity>?</quantity>
            <date_created>?</date_created>
            <!--Optional:-->
            <brokerage_amount>?</brokerage_amount>
            <!--Optional:-->
            <brokerage_code>?</brokerage_code>
            <!--Optional:-->
            <brokerage_perc>?</brokerage_perc>
         </customer_order_info>
      </urn:migrated_customer>
   </soapenv:Body>
</soapenv:Envelope>]]></con:request><con:wsaConfig mustUnderstand="NONE" version="200508" action="migrate_customer"/></con:call></con:operation><con:operation isOneWay="false" action="update_customer" name="update_customer" bindingOperationName="update_customer" type="Request-Response" inputName="" receivesAttachments="false" sendsAttachments="false" anonymous="optional"><con:settings/><con:call name="Request 1"><con:settings/><con:encoding>UTF-8</con:encoding><con:endpoint>http://SVGONUGU-LAP:8088/CustomerService</con:endpoint><con:request><![CDATA[<soapenv:Envelope xmlns:soapenv="http://schemas.xmlsoap.org/soap/envelope/" xmlns:urn="urn:xyzbank:cust:schema:customer">
   <soapenv:Header/>
   <soapenv:Body>
      <urn:customer>
         <!--Optional:-->
         <customer_id>?</customer_id>
         <full_name>?</full_name>
         <customer_type>?</customer_type>
         <date_of_birth>?</date_of_birth>
         <email>?</email>
         <phone>?</phone>
         <addr_line1>?</addr_line1>
         <!--Optional:-->
         <addr_line2>?</addr_line2>
         <!--Optional:-->
         <addr_line3>?</addr_line3>
      </urn:customer>
   </soapenv:Body>
</soapenv:Envelope>]]></con:request><con:wsaConfig mustUnderstand="NONE" version="200508" action="update_customer"/></con:call></con:operation></con:interface><con:mockService port="8088" path="/AddrValidation" host="SVGONUGU-LAP" name="AddrValidation" dispatchResponseMessages="true"><con:settings><con:setting id="com.eviware.soapui.impl.wsdl.mock.WsdlMockService@require-soap-action">true</con:setting><con:setting id="com.eviware.soapui.impl.wsdl.mock.WsdlMockService@require-soap-version">false</con:setting></con:settings><con:mockOperation name="validate_address" interface="addrval_binding" operation="validate_address"><con:settings/><con:dispatchStyle>SEQUENCE</con:dispatchStyle><con:defaultResponse>Response 1</con:defaultResponse><con:response name="Response 1" encoding="UTF-8"><con:settings/><con:responseContent><![CDATA[<soapenv:Envelope xmlns:soapenv="http://schemas.xmlsoap.org/soap/envelope/" xmlns:urn="urn:xyzbank:cust:schema:address">
   <soapenv:Header/>
   <soapenv:Body>
      <urn:addrval_output>
         <status>S</status>
         
         <error_msg></error_msg>
      </urn:addrval_output>
   </soapenv:Body>
</soapenv:Envelope>]]></con:responseContent><con:wsaConfig mustUnderstand="NONE" version="200508" action="ValidateAddress"/></con:response><con:dispatchConfig/></con:mockOperation><con:properties/></con:mockService><con:mockService port="8088" path="/CreateUserID" host="SVGONUGU-LAP" name="CreateUserID" dispatchResponseMessages="true"><con:settings><con:setting id="com.eviware.soapui.impl.wsdl.mock.WsdlMockService@require-soap-action">true</con:setting></con:settings><con:mockOperation name="create_uniqueid" interface="userid_binding" operation="create_uniqueid"><con:settings/><con:dispatchStyle>SEQUENCE</con:dispatchStyle><con:defaultResponse>Response 1</con:defaultResponse><con:response name="Response 1" encoding="UTF-8"><con:settings/><con:responseContent><![CDATA[<SOAP-ENV:Envelope xmlns:SOAP-ENV="http://schemas.xmlsoap.org/soap/envelope/" xmlns:xsi="http://www.w3.org/1999/XMLSchema-instance" 
                                     xmlns:xsd="http://www.w3.org/1999/XMLSchema"> 
   <SOAP-ENV:Body> 
      <SOAP-ENV:Fault> 
         <faultcode>XYZLEGACY-789</faultcode> 
         <faultstring>Error in performing operation</faultstring> 
         <detail> 
              <ProcessError> 
                   <ErrorCode>XYZLEGACY-789</ErrorCode> 
                   <ErrorMessage>Error in performing operation.</ErrorMessage> 
              </ProcessError> 
     </detail> 
      </SOAP-ENV:Fault> 
   </SOAP-ENV:Body> 
</SOAP-ENV:Envelope>]]></con:responseContent><con:wsaConfig mustUnderstand="NONE" version="200508" action="CreateUniqueId"/></con:response><con:dispatchConfig/></con:mockOperation><con:properties/></con:mockService><con:mockService port="8088" path="/CustomerService" host="SVGONUGU-LAP" name="CustomerService" dispatchResponseMessages="true"><con:settings><con:setting id="com.eviware.soapui.impl.wsdl.mock.WsdlMockService@require-soap-action">true</con:setting></con:settings><con:mockOperation name="create_customer" interface="customer_service_binding" operation="create_customer"><con:settings/><con:dispatchStyle>SEQUENCE</con:dispatchStyle><con:defaultResponse>Response 1</con:defaultResponse><con:response name="Response 1" encoding="UTF-8"><con:settings/><con:responseContent><![CDATA[<SOAP-ENV:Envelope xmlns:SOAP-ENV="http://schemas.xmlsoap.org/soap/envelope/" xmlns:xsi="http://www.w3.org/1999/XMLSchema-instance" 
                                     xmlns:xsd="http://www.w3.org/1999/XMLSchema"> 
   <SOAP-ENV:Body> 
      <SOAP-ENV:Fault> 
         <faultcode>SOAP-ENV:Client</faultcode> 
         <faultstring>Failed to locate method (ValidateCreditCard) in class</faultstring> 
         <detail> 
              <ValidationError> 
                   <ErrorCode>78970989</ErrorCode> 
                   <ErrorMessage>Validation failed.Credit Card Expired.</ErrorMessage> 
              </ValidationError> 
     </detail> 
      </SOAP-ENV:Fault> 
   </SOAP-ENV:Body> 
</SOAP-ENV:Envelope>]]></con:responseContent><con:wsaConfig mustUnderstand="NONE" version="200508" action="create_customer"/></con:response><con:dispatchConfig/></con:mockOperation><con:mockOperation name="delete_customer" interface="customer_service_binding" operation="delete_customer"><con:settings/><con:dispatchStyle>SEQUENCE</con:dispatchStyle><con:defaultResponse>Response 1</con:defaultResponse><con:response name="Response 1" encoding="UTF-8"><con:settings/><con:responseContent><![CDATA[<SOAP-ENV:Envelope xmlns:SOAP-ENV="http://schemas.xmlsoap.org/soap/envelope/" xmlns:xsi="http://www.w3.org/1999/XMLSchema-instance" 
                                     xmlns:xsd="http://www.w3.org/1999/XMLSchema"> 
   <SOAP-ENV:Body> 
      <SOAP-ENV:Fault> 
         <faultcode>XYZLEGACY-789</faultcode> 
         <faultstring>Error in performing operation</faultstring> 
         <detail> 
              <ValidationError> 
                   <ErrorCode>XYZLEGACY-789</ErrorCode> 
                   <ErrorMessage>Error in performing operation.</ErrorMessage> 
              </ValidationError> 
     </detail> 
      </SOAP-ENV:Fault> 
   </SOAP-ENV:Body> 
</SOAP-ENV:Envelope>]]></con:responseContent><con:wsaConfig mustUnderstand="NONE" version="200508" action="delete_customer"/></con:response><con:dispatchConfig/></con:mockOperation><con:mockOperation name="find_customer" interface="customer_service_binding" operation="find_customer"><con:settings/><con:dispatchStyle>SEQUENCE</con:dispatchStyle><con:defaultResponse>Response 1</con:defaultResponse><con:response name="Response 1" encoding="UTF-8"><con:settings/><con:responseContent><![CDATA[<soapenv:Envelope xmlns:soapenv="http://schemas.xmlsoap.org/soap/envelope/" xmlns:urn="urn:xyzbank:cust:schema:customer">
   <soapenv:Header/>
   <soapenv:Body>
      <urn:customerid_output>
         <CustomerExists>Y</CustomerExists>
      </urn:customerid_output>
   </soapenv:Body>
</soapenv:Envelope>]]></con:responseContent><con:wsaConfig mustUnderstand="NONE" version="200508" action="find_customer"/></con:response><con:dispatchConfig/></con:mockOperation><con:mockOperation name="get_customer" interface="customer_service_binding" operation="get_customer"><con:settings/><con:dispatchStyle>SEQUENCE</con:dispatchStyle><con:defaultResponse>Response 1</con:defaultResponse><con:response name="Response 1" encoding="UTF-8"><con:settings/><con:responseContent><![CDATA[<soapenv:Envelope xmlns:soapenv="http://schemas.xmlsoap.org/soap/envelope/" xmlns:urn="urn:xyzbank:cust:schema:customer">
   <soapenv:Header/>
   <soapenv:Body>
      <urn:customer>
         <!--Optional:-->
         <customer_id>?</customer_id>
         <full_name>?</full_name>
         <customer_type>?</customer_type>
         <date_of_birth>?</date_of_birth>
         <email>?</email>
         <phone>?</phone>
         <addr_line1>?</addr_line1>
         <!--Optional:-->
         <addr_line2>?</addr_line2>
         <!--Optional:-->
         <addr_line3>?</addr_line3>
      </urn:customer>
   </soapenv:Body>
</soapenv:Envelope>]]></con:responseContent><con:wsaConfig mustUnderstand="NONE" version="200508" action="get_customer"/></con:response><con:dispatchConfig/></con:mockOperation><con:mockOperation name="migrate_customer" interface="customer_service_binding" operation="migrate_customer"><con:settings/><con:dispatchStyle>SEQUENCE</con:dispatchStyle><con:defaultResponse>Response 1</con:defaultResponse><con:response name="Response 1" encoding="UTF-8"><con:settings/><con:responseContent><![CDATA[<soapenv:Envelope xmlns:soapenv="http://schemas.xmlsoap.org/soap/envelope/" xmlns:urn="urn:xyzbank:cust:schema:customer">
   <soapenv:Header/>
   <soapenv:Body>
      <urn:status_msg>
         <!--Optional:-->
         <customer_id>?</customer_id>
         <!--Optional:-->
         <status>?</status>
         <!--Optional:-->
         <error_message>?</error_message>
      </urn:status_msg>
   </soapenv:Body>
</soapenv:Envelope>]]></con:responseContent><con:wsaConfig mustUnderstand="NONE" version="200508" action="migrate_customer"/></con:response><con:dispatchConfig/></con:mockOperation><con:mockOperation name="update_customer" interface="customer_service_binding" operation="update_customer"><con:settings/><con:dispatchStyle>SEQUENCE</con:dispatchStyle><con:defaultResponse>Response 1</con:defaultResponse><con:response name="Response 1" encoding="UTF-8"><con:settings/><con:responseContent><![CDATA[<soapenv:Envelope xmlns:soapenv="http://schemas.xmlsoap.org/soap/envelope/" xmlns:urn="urn:xyzbank:cust:schema:customer">
   <soapenv:Header/>
   <soapenv:Body>
      <urn:status_msg>         
         <customer_id>AHHHHH8787QDJHJH299</customer_id>
         <status>S</status>         
         <error_message></error_message>
      </urn:status_msg>
   </soapenv:Body>
</soapenv:Envelope>]]></con:responseContent><con:wsaConfig mustUnderstand="NONE" version="200508" action="update_customer"/></con:response><con:dispatchConfig/></con:mockOperation><con:properties/></con:mockService><con:properties/><con:wssContainer/></con:soapui-project>